query_idx,target_idx,rank,dist,set_size,filter,query_addr,target_addr
92,255479,66,5.857301712036133,473741,none,0x4a9d42038252d2ae22fb5fd857b4d0117e7a5ff1,0xbd4905915b0996dce1dbc4d0a60bee999b1f19da
255479,92,220,5.857301712036133,473741,none,0xbd4905915b0996dce1dbc4d0a60bee999b1f19da,0x4a9d42038252d2ae22fb5fd857b4d0117e7a5ff1
13605,169587,518,5.379031658172607,473741,none,0xa338096d43effc151e7e89519b524ca5a7e5626f,0x1ea2ae4f384a804421c200d46f8d31f1dc20fdf9
169587,13605,491,5.379031658172607,473741,none,0x1ea2ae4f384a804421c200d46f8d31f1dc20fdf9,0xa338096d43effc151e7e89519b524ca5a7e5626f
238933,205855,195,5.678640842437744,473741,none,0x14edc14b3886b2c8068bdef3fb8c05bf07a21c2c,0x4ff3eb0a7f68d6eb80fcf5039032ec927131ef2e
205855,238933,157,5.678640842437744,473741,none,0x4ff3eb0a7f68d6eb80fcf5039032ec927131ef2e,0x14edc14b3886b2c8068bdef3fb8c05bf07a21c2c
192658,202703,197,4.490216255187988,473741,none,0xefef50ebacd8da3c13932ac204361b704eb8292c,0x1c728e89d91863134dcef2caff843d1fd3f7efe9
202703,192658,113,4.490216255187988,473741,none,0x1c728e89d91863134dcef2caff843d1fd3f7efe9,0xefef50ebacd8da3c13932ac204361b704eb8292c
440603,222103,52577,9.470571517944336,473741,none,0xd32d1e3752f2ee46f2bba0358961d52821a32497,0xa54f81733201c1f555bf5e51e4829a1c7dd3447b
222103,440603,10773,9.470571517944336,473741,none,0xa54f81733201c1f555bf5e51e4829a1c7dd3447b,0xd32d1e3752f2ee46f2bba0358961d52821a32497
26070,205895,1,2.6910030841827393,473741,none,0x26f457046055190570cac1e2fc54cfdba0144488,0xf3248b08d63bf178a9b08a545c6ec42aa5d5673c
205895,26070,3,2.6910030841827393,473741,none,0xf3248b08d63bf178a9b08a545c6ec42aa5d5673c,0x26f457046055190570cac1e2fc54cfdba0144488
79909,59298,1,4.003974914550781,473741,none,0x03c823e96f6964076c118395f08a2d7edf0f8a8c,0x8ac5c1cbafc564fbd01ee4b116dea85e6a593ab4
59298,79909,1,4.003974914550781,473741,none,0x8ac5c1cbafc564fbd01ee4b116dea85e6a593ab4,0x03c823e96f6964076c118395f08a2d7edf0f8a8c
165695,220994,17054,8.453930854797363,473741,none,0x0e4ad69648fc4752d089ba5ba0e1bf43c129616c,0x6f6b15bcce6b2fee40af3c32a8547790ab2aa275
220994,165695,6934,8.453930854797363,473741,none,0x6f6b15bcce6b2fee40af3c32a8547790ab2aa275,0x0e4ad69648fc4752d089ba5ba0e1bf43c129616c
222040,211659,225,5.74973726272583,473741,none,0x5acfad7c03a64696f6a50858aa7daff7883f1fb6,0x73641ee05a9d6a8a23d3188ea13b690a078eac05
211659,222040,1027,5.74973726272583,473741,none,0x73641ee05a9d6a8a23d3188ea13b690a078eac05,0x5acfad7c03a64696f6a50858aa7daff7883f1fb6
3971,191200,43,3.9237473011016846,473741,none,0x764d6f045b6ab1a60c4595144c185c5ee60fa3df,0x9098a50bd95a097599cdb0e77185dedee88b73a3
191200,3971,36,3.9237473011016846,473741,none,0x9098a50bd95a097599cdb0e77185dedee88b73a3,0x764d6f045b6ab1a60c4595144c185c5ee60fa3df
129238,249633,382,5.554757118225098,473741,none,0x72ba1965320ab5352fd6d68235cc3c5306a6ffa2,0xb566e9fda21f470925fd6d40f24f7b629560cd14
249633,129238,765,5.554757118225098,473741,none,0xb566e9fda21f470925fd6d40f24f7b629560cd14,0x72ba1965320ab5352fd6d68235cc3c5306a6ffa2
126632,189703,153729,9.604042053222656,473741,none,0x35ee6c0de7ee25a7e4ccfb1cf810bce5943a80f4,0x13e60906ee3e2085b96461f59bfd1e07115e621b
189703,126632,32293,9.604042053222656,473741,none,0x13e60906ee3e2085b96461f59bfd1e07115e621b,0x35ee6c0de7ee25a7e4ccfb1cf810bce5943a80f4
231569,337694,18,4.043067455291748,473741,none,0xe245f6cb2081970ec559ccdefba2839c4e475607,0x5bcb48ce1a767bfa38d669564041d42dc710c32e
337694,231569,4,4.043067455291748,473741,none,0x5bcb48ce1a767bfa38d669564041d42dc710c32e,0xe245f6cb2081970ec559ccdefba2839c4e475607
153940,125977,678,6.246560573577881,473741,none,0xc0d95fbb7bf19c7665a1c4042b683182b34e2150,0xac2817c24baedfd6f945a25711f3403c8ea376b6
125977,153940,336,6.246560573577881,473741,none,0xac2817c24baedfd6f945a25711f3403c8ea376b6,0xc0d95fbb7bf19c7665a1c4042b683182b34e2150
30926,219555,1197,7.369446754455566,473741,none,0x6f26ce8ccef85afbc944567bd41d63d09d3e3033,0xc174ca7cba75ed9ba896b9a46b2ff96e192aa773
219555,30926,7833,7.369446754455566,473741,none,0xc174ca7cba75ed9ba896b9a46b2ff96e192aa773,0x6f26ce8ccef85afbc944567bd41d63d09d3e3033
227393,190899,333,5.4092631340026855,473741,none,0x537f62d5f099edd9f0fe78501d8c9d096082b573,0xf768f5f340e89698465fc7c12f31cb485fff98d2
190899,227393,1003,5.4092631340026855,473741,none,0xf768f5f340e89698465fc7c12f31cb485fff98d2,0x537f62d5f099edd9f0fe78501d8c9d096082b573
131040,3846,76,4.643209934234619,473741,none,0xc2f82a1f287b5b5aebff7c19e83e0a16cf3bd041,0x4133c79e575591b6c380c233fffb47a13348de86
3846,131040,31,4.643209934234619,473741,none,0x4133c79e575591b6c380c233fffb47a13348de86,0xc2f82a1f287b5b5aebff7c19e83e0a16cf3bd041
206755,211105,18,4.795393466949463,473741,none,0x577d6f16aabe0c30d8b4f2df8c0bf24628abee6d,0xb5760c8bd98be527700203b7ad7f14780ebe7cad
211105,206755,157,4.795393466949463,473741,none,0xb5760c8bd98be527700203b7ad7f14780ebe7cad,0x577d6f16aabe0c30d8b4f2df8c0bf24628abee6d
33581,7395,467,7.565747261047363,473741,none,0x47930c76790c865217472f2ddb4d14c640ee450a,0x8fd005075e6fff5431e5cbb5befe7495e2fd72c5
7395,33581,3226,7.565747261047363,473741,none,0x8fd005075e6fff5431e5cbb5befe7495e2fd72c5,0x47930c76790c865217472f2ddb4d14c640ee450a
211273,218829,1,2.74198579788208,473741,none,0xfdaae0c5a7a56c8265b9f86cf8cd934a494e3733,0xe9d18dbfd105155eb367fcfef87eaaafd15ea4b2
218829,211273,1,2.74198579788208,473741,none,0xe9d18dbfd105155eb367fcfef87eaaafd15ea4b2,0xfdaae0c5a7a56c8265b9f86cf8cd934a494e3733
65214,125177,1,3.163818836212158,473741,none,0x004537fcd9095489ebe38180a382341b962b501d,0xccd9c5465fac5c0df86fd9b7d524a5949defcef6
125177,65214,1,3.163818836212158,473741,none,0xccd9c5465fac5c0df86fd9b7d524a5949defcef6,0x004537fcd9095489ebe38180a382341b962b501d
138400,208327,887,6.745415687561035,473741,none,0xe10824fd1ffb9951215025eb26cda42d2d8d9c4c,0xd1898665a01a91ac10bd2c6cb1899336df34ac33
208327,138400,1020,6.745415687561035,473741,none,0xd1898665a01a91ac10bd2c6cb1899336df34ac33,0xe10824fd1ffb9951215025eb26cda42d2d8d9c4c
221794,221821,13,4.428941249847412,473741,none,0x089e67c9dabb370c1c7be7c7a3fbd3d65a733c57,0x58e11792d0637540ab1f430e4659693659ea2734
221821,221794,10,4.428941249847412,473741,none,0x58e11792d0637540ab1f430e4659693659ea2734,0x089e67c9dabb370c1c7be7c7a3fbd3d65a733c57
233394,218665,7,4.994878768920898,473741,none,0x9e89364eb4ed43f5f5f5a573656dbf6e2e0acaaa,0x52ab58c10e9187a79da50f892ea4801aad58cb00
218665,233394,9,4.994878768920898,473741,none,0x52ab58c10e9187a79da50f892ea4801aad58cb00,0x9e89364eb4ed43f5f5f5a573656dbf6e2e0acaaa
27433,25236,3,3.517164468765259,473741,none,0xdb6cdd1d58a021a728b7a9f0cb1bd0826aa2f408,0x7355499ae56ed37c91452ca245327a49cf94bd4c
25236,27433,4,3.517164468765259,473741,none,0x7355499ae56ed37c91452ca245327a49cf94bd4c,0xdb6cdd1d58a021a728b7a9f0cb1bd0826aa2f408
14179,1077,16,5.40167760848999,473741,none,0x15ba57258b948cfda369ddc88247196b07bfcee4,0x01a45f7fbf7453092e49b6db137568f9cfab8ead
1077,14179,90,5.40167760848999,473741,none,0x01a45f7fbf7453092e49b6db137568f9cfab8ead,0x15ba57258b948cfda369ddc88247196b07bfcee4
1280,118044,1422,6.091989994049072,473741,none,0x80c013d980ab049471c88e1603b8b4a60e03295c,0x6499dc30d6178413e3812e35af0b5b8116966041
118044,1280,403,6.091989994049072,473741,none,0x6499dc30d6178413e3812e35af0b5b8116966041,0x80c013d980ab049471c88e1603b8b4a60e03295c
36624,1417,6,3.562812328338623,473741,none,0x830e9c7ecb62f299c3fe7ddfc8fba2a2a99bd6a8,0xcbf177a8487b4fcdb9014c64b9b51a1af83cc05d
1417,36624,7,3.562812328338623,473741,none,0xcbf177a8487b4fcdb9014c64b9b51a1af83cc05d,0x830e9c7ecb62f299c3fe7ddfc8fba2a2a99bd6a8
123430,12676,18481,8.951261520385742,473741,none,0x1e17a75616cd74f5846b1b71622aa8e10ea26cc0,0x8c6f3b2b0125eee01f552fef11c5615c2dda20ce
12676,123430,103658,8.951261520385742,473741,none,0x8c6f3b2b0125eee01f552fef11c5615c2dda20ce,0x1e17a75616cd74f5846b1b71622aa8e10ea26cc0
287800,2139,262,4.927886486053467,473741,none,0xbd172f38c1bc677a238f1a2c05746ca8a3101279,0x31efd75bc0b5fbafc6015bd50590f4fdab6a3f22
2139,287800,136,4.927886486053467,473741,none,0x31efd75bc0b5fbafc6015bd50590f4fdab6a3f22,0xbd172f38c1bc677a238f1a2c05746ca8a3101279
19810,9494,491,6.6376848220825195,473741,none,0x68d36dcbdd7bbf206e27134f28103abe7cf972df,0xc291e1faf5de86538edc5be9702e276c84755b9f
9494,19810,597,6.6376848220825195,473741,none,0xc291e1faf5de86538edc5be9702e276c84755b9f,0x68d36dcbdd7bbf206e27134f28103abe7cf972df
173135,173140,102,4.2793097496032715,473741,none,0xd172310d419f145574f1eac455e65674ec97ad95,0xc209cc607c81ca7d8c0bfca7bfd6144c74a7e238
173140,173135,39,4.2793097496032715,473741,none,0xc209cc607c81ca7d8c0bfca7bfd6144c74a7e238,0xd172310d419f145574f1eac455e65674ec97ad95
216884,8831,1019,6.049129009246826,473741,none,0x300fd0106bb51891b005d778807856b3bfd3fb06,0x03d7326f53715d4a042bd1fa12669eb420e87b5b
8831,216884,1015,6.049129009246826,473741,none,0x03d7326f53715d4a042bd1fa12669eb420e87b5b,0x300fd0106bb51891b005d778807856b3bfd3fb06
178576,10535,70,4.481853485107422,473741,none,0xc967dedcf086b7fe1eab492f2eb2b74f1e5947b8,0x76273dcc41356e5f0c49bb68e525175dc7e83417
10535,178576,130,4.481853485107422,473741,none,0x76273dcc41356e5f0c49bb68e525175dc7e83417,0xc967dedcf086b7fe1eab492f2eb2b74f1e5947b8
157833,3219,45847,8.839290618896484,473741,none,0x7977c0df0311d7288d60f8f646f294f70ffaa5f4,0x006a8a496889e9983a5256f34b608ee9569ba319
3219,157833,20709,8.839290618896484,473741,none,0x006a8a496889e9983a5256f34b608ee9569ba319,0x7977c0df0311d7288d60f8f646f294f70ffaa5f4
127583,9474,16417,7.834275245666504,473741,none,0x0ce71fbb81920c79561ba0b0aaf0f730b459ad2e,0xdba990799a400416b93f3e242cb3cc175ce00ca2
9474,127583,29710,7.834275245666504,473741,none,0xdba990799a400416b93f3e242cb3cc175ce00ca2,0x0ce71fbb81920c79561ba0b0aaf0f730b459ad2e
239134,224914,18,4.0936970710754395,473741,none,0xa062cdd195357112f1ac8aa7648b243d3bb2ee99,0xa6e0077b33d80bf3eb64cfdf8ec7d023cdd9c62f
224914,239134,76,4.0936970710754395,473741,none,0xa6e0077b33d80bf3eb64cfdf8ec7d023cdd9c62f,0xa062cdd195357112f1ac8aa7648b243d3bb2ee99
219854,44185,1056,5.744023323059082,473741,none,0xc9f03deb105ef7bd43a9ab2c7e285a9afe0fa065,0x5b905114167c80276ad28a997f606c698547fe40
44185,219854,395,5.744023323059082,473741,none,0x5b905114167c80276ad28a997f606c698547fe40,0xc9f03deb105ef7bd43a9ab2c7e285a9afe0fa065
131895,201991,939,6.143013954162598,473741,none,0x19149798f777a3d738777334ccbf0063a04fca3b,0x0492b9170ec01d91f3aa721ff8ada42dd33fbbb8
201991,131895,799,6.143013954162598,473741,none,0x0492b9170ec01d91f3aa721ff8ada42dd33fbbb8,0x19149798f777a3d738777334ccbf0063a04fca3b
123334,221221,27472,8.755769729614258,473741,none,0xbfc019dfcecb30ef03a303915832074e52a213d6,0x70d3d73eb2de714ec307889f277728ddde1798c0
221221,123334,21274,8.755769729614258,473741,none,0x70d3d73eb2de714ec307889f277728ddde1798c0,0xbfc019dfcecb30ef03a303915832074e52a213d6
136,9818,6,5.2057037353515625,473741,none,0x0f4023208058ecffcb22a7409df11f6d6013fe8a,0xbf4e8be3f82446e38a08dc3cb996989340ccb31a
9818,136,8,5.2057037353515625,473741,none,0xbf4e8be3f82446e38a08dc3cb996989340ccb31a,0x0f4023208058ecffcb22a7409df11f6d6013fe8a
240034,218270,2949,6.822697162628174,473741,none,0x4ac1dbe86b2946bdf9d99853567ed5feab3b1bb4,0x7624cf3a128e5801d69a2ea0a13a74a6b3ebad4a
218270,240034,2532,6.822697162628174,473741,none,0x7624cf3a128e5801d69a2ea0a13a74a6b3ebad4a,0x4ac1dbe86b2946bdf9d99853567ed5feab3b1bb4
41524,2327,11,4.535327911376953,473741,none,0x256f87f6012bd1b17a35171581ebcfb859c180ac,0x4811e6996291cd78b9f9272ead30da18774db174
2327,41524,52,4.535327911376953,473741,none,0x4811e6996291cd78b9f9272ead30da18774db174,0x256f87f6012bd1b17a35171581ebcfb859c180ac
226422,205652,2419,7.170114517211914,473741,none,0x8e598ceeeb5d10b68a5cef4f2cac9c701a826c9e,0x7fd8a3e656c90a0e3cd703e4ba46aa4c9d9e84fb
205652,226422,1051,7.170114517211914,473741,none,0x7fd8a3e656c90a0e3cd703e4ba46aa4c9d9e84fb,0x8e598ceeeb5d10b68a5cef4f2cac9c701a826c9e
224370,134265,8126,6.70822286605835,473741,none,0xaa5b38ae64544ea990d2ed4520f619617b22071f,0x4cca5f2f01746b1c13ca7a3dab0462d225795d3a
134265,224370,4087,6.70822286605835,473741,none,0x4cca5f2f01746b1c13ca7a3dab0462d225795d3a,0xaa5b38ae64544ea990d2ed4520f619617b22071f
7536,220463,669,5.258009910583496,473741,none,0x9c4051b1ef2a56c1d2f2ecbdacf453302a042e6c,0x3e44f7067cbc8c7eaf21da4369ffbc72925932a9
220463,7536,423,5.258009910583496,473741,none,0x3e44f7067cbc8c7eaf21da4369ffbc72925932a9,0x9c4051b1ef2a56c1d2f2ecbdacf453302a042e6c
223340,30909,3,4.013792037963867,473741,none,0x7269d7d6f8a76a8faef77a77509826c1fa829c19,0x93d037c12686d7ade2ceaa1edea9b8fdb784b22b
30909,223340,4,4.013792037963867,473741,none,0x93d037c12686d7ade2ceaa1edea9b8fdb784b22b,0x7269d7d6f8a76a8faef77a77509826c1fa829c19
216684,215593,79,5.444878578186035,473741,none,0x1ceb4c4e01fba4c8a4513bca2929f3c68715514d,0x4c463c72b75a5058c901be942e2da4dbd5a31df0
215593,216684,35,5.444878578186035,473741,none,0x4c463c72b75a5058c901be942e2da4dbd5a31df0,0x1ceb4c4e01fba4c8a4513bca2929f3c68715514d
221546,229036,96,4.937259674072266,473741,none,0xdaf1bfff7de972c54d3330820d32818ed942a14c,0x06aeae3d12ced2ff04d0694ed50f940637a64196
229036,221546,124,4.937259674072266,473741,none,0x06aeae3d12ced2ff04d0694ed50f940637a64196,0xdaf1bfff7de972c54d3330820d32818ed942a14c
213561,213412,7062,7.462189197540283,473741,none,0xe99319a2387559b3edfcfdf79af21348467dd5f3,0x2e96ed2281c3069c6abeae5d9560f30f716d44b5
213412,213561,996,7.462189197540283,473741,none,0x2e96ed2281c3069c6abeae5d9560f30f716d44b5,0xe99319a2387559b3edfcfdf79af21348467dd5f3
194014,1217,7169,7.685633659362793,473741,none,0x5b97680e165b4dbf5c45f4ff4241e85f418c66c2,0x974cf1ee678b543f07b3c835bb0a1a0b386808f2
1217,194014,7434,7.685633659362793,473741,none,0x974cf1ee678b543f07b3c835bb0a1a0b386808f2,0x5b97680e165b4dbf5c45f4ff4241e85f418c66c2
35596,213554,333,5.08300256729126,473741,none,0x8ccd39f4d7d340eda0b6445eae2d1781c2243066,0x0eb3ab74c6bf670684e562431bc7a63c328c6325
213554,35596,207,5.08300256729126,473741,none,0x0eb3ab74c6bf670684e562431bc7a63c328c6325,0x8ccd39f4d7d340eda0b6445eae2d1781c2243066
26500,156682,77,5.076054096221924,473741,none,0x5c4b2dbb3f9773186a14a5736c5b13705f0c4c4d,0x6b504fa9c294da59d03ad8443fe8a3947bee5129
156682,26500,112,5.076054096221924,473741,none,0x6b504fa9c294da59d03ad8443fe8a3947bee5129,0x5c4b2dbb3f9773186a14a5736c5b13705f0c4c4d
78146,173487,5018,7.9002556800842285,473741,none,0x8b15e34cea06219114dc8c0912d43a2abc2b79c7,0x2ec7947f3ac9aaaa44b53640506cdc9d848d9489
173487,78146,3060,7.9002556800842285,473741,none,0x2ec7947f3ac9aaaa44b53640506cdc9d848d9489,0x8b15e34cea06219114dc8c0912d43a2abc2b79c7
215263,216021,53,5.062926292419434,473741,none,0xbbdb0b952c6611a6bf73df8a211281feb530018d,0x9efea04be978275426e5e6c7ecd10206d47cfa0d
216021,215263,12,5.062926292419434,473741,none,0x9efea04be978275426e5e6c7ecd10206d47cfa0d,0xbbdb0b952c6611a6bf73df8a211281feb530018d
175593,214957,1,3.781801700592041,473741,none,0x8e2a89ff2f45ed7f8c8506f846200d671e2f176f,0xea9a7c7cd8d4dc3acc6f0aaec1506c8d6041a1c5
214957,175593,5,3.781801700592041,473741,none,0xea9a7c7cd8d4dc3acc6f0aaec1506c8d6041a1c5,0x8e2a89ff2f45ed7f8c8506f846200d671e2f176f
230420,213854,91092,9.77733325958252,473741,none,0xcda84cc75ec5c92a5dacabc13241256beceef964,0x6775e49108cb77cda06fc3bef51bcd497602ad88
213854,230420,18247,9.77733325958252,473741,none,0x6775e49108cb77cda06fc3bef51bcd497602ad88,0xcda84cc75ec5c92a5dacabc13241256beceef964
151278,225343,2,3.6566812992095947,473741,none,0x444538b7215d3616b428e811d2bc0ac7ed34b0ba,0x601ed36ffe6f385c0da754d8346bc24dbf5a0348
225343,151278,5,3.6566812992095947,473741,none,0x601ed36ffe6f385c0da754d8346bc24dbf5a0348,0x444538b7215d3616b428e811d2bc0ac7ed34b0ba
178731,168226,36,4.397420883178711,473741,none,0x190473b3071946df65306989972706a4c006a561,0x2499bff4292d2a2270548acc04b780451247d358
168226,178731,17,4.397420883178711,473741,none,0x2499bff4292d2a2270548acc04b780451247d358,0x190473b3071946df65306989972706a4c006a561
220257,220673,40,4.239766597747803,473741,none,0x485040bf69f8d27ad229fbf881fe6c0ae422cd31,0x4caecfc01ad2907d37f51d23e0691244f4b57692
220673,220257,140,4.239766597747803,473741,none,0x4caecfc01ad2907d37f51d23e0691244f4b57692,0x485040bf69f8d27ad229fbf881fe6c0ae422cd31
211401,211454,1,3.275635004043579,473741,none,0xf0d65a2c1cfa6816570f82f729b8343046cf2081,0x09b80561ded5097a95a6afb2727683ae5bf26b7a
211454,211401,3,3.275635004043579,473741,none,0x09b80561ded5097a95a6afb2727683ae5bf26b7a,0xf0d65a2c1cfa6816570f82f729b8343046cf2081
220262,47459,1435,7.985147953033447,473741,none,0xcc298d2d64118c7b59a1385918982ddf91f7f81c,0x5d2d9aac9982f663541703829a571f4105f587ec
47459,220262,3102,7.985147953033447,473741,none,0x5d2d9aac9982f663541703829a571f4105f587ec,0xcc298d2d64118c7b59a1385918982ddf91f7f81c
413846,138675,82,4.587095260620117,473741,none,0x830ba1078a698c0e318bdff86d1c6a2ffa7c3b0e,0xf550166d48aeec00aa5b2edcfc041451f5473551
138675,413846,130,4.587095260620117,473741,none,0xf550166d48aeec00aa5b2edcfc041451f5473551,0x830ba1078a698c0e318bdff86d1c6a2ffa7c3b0e
126032,126476,67,4.547026634216309,473741,none,0x1057bea69c9add11c6e3de296866aff98366cfe3,0x557f0e214c8e8607a2c1e910802aca23c6c0e72e
126476,126032,34,4.547026634216309,473741,none,0x557f0e214c8e8607a2c1e910802aca23c6c0e72e,0x1057bea69c9add11c6e3de296866aff98366cfe3
17554,206294,88,4.583375453948975,473741,none,0x3b2d04b89d03d2576da7755b72ebf848f5948be0,0xd83b1d6ce70bb2fc2f820836151d94b577a90208
206294,17554,110,4.583375453948975,473741,none,0xd83b1d6ce70bb2fc2f820836151d94b577a90208,0x3b2d04b89d03d2576da7755b72ebf848f5948be0
218594,23058,43507,8.727654457092285,473741,none,0x84e79d544b4b13bc3560069cfd56a9d5bbe7521d,0xe47494379c1d48ee73454c251a6395fdd4f9eb43
23058,218594,38337,8.727654457092285,473741,none,0xe47494379c1d48ee73454c251a6395fdd4f9eb43,0x84e79d544b4b13bc3560069cfd56a9d5bbe7521d
179651,234597,1438,6.5012993812561035,473741,none,0x1ae4ad270cbe649c9771293fe939f5da92d731c6,0xfa2c0abdaedc8099887914ab25ad11b3846655b9
234597,179651,1140,6.5012993812561035,473741,none,0xfa2c0abdaedc8099887914ab25ad11b3846655b9,0x1ae4ad270cbe649c9771293fe939f5da92d731c6
125675,11340,122,4.9107561111450195,473741,none,0xd262d146e869915444d0f34ecdaabab5ab43007e,0x376d5c3a16e9d015e8c584bb2d278e25f0ccb27b
11340,125675,326,4.9107561111450195,473741,none,0x376d5c3a16e9d015e8c584bb2d278e25f0ccb27b,0xd262d146e869915444d0f34ecdaabab5ab43007e
178443,266446,2,3.093877077102661,473741,none,0xf96ae26f355b7dc08be22acee79e4bfee4c28d72,0xa3df6c4899bb33a4780ca747c301be5b058837d7
266446,178443,1,3.093877077102661,473741,none,0xa3df6c4899bb33a4780ca747c301be5b058837d7,0xf96ae26f355b7dc08be22acee79e4bfee4c28d72
220924,168248,61406,8.24731731414795,473741,none,0x25c23372ac16d973c3b513174b0c2d835ba77182,0x472c22ba54e5cb7235981b86c2a060c4488cf2aa
168248,220924,22887,8.24731731414795,473741,none,0x472c22ba54e5cb7235981b86c2a060c4488cf2aa,0x25c23372ac16d973c3b513174b0c2d835ba77182
172756,171601,2619,7.079014778137207,473741,none,0xd58e60cda2b6cb81ac8725d1a869b5f02b61aa6e,0x30051707e0b18cb19e9a7c0704ffea196499646e
171601,172756,3118,7.079014778137207,473741,none,0x30051707e0b18cb19e9a7c0704ffea196499646e,0xd58e60cda2b6cb81ac8725d1a869b5f02b61aa6e
1917,217527,108794,9.867871284484863,473741,none,0x002def85facbb8d72bc3e394f8ca23934af8f06d,0x20b7faa78940b42c5ebdd47258c7eb4178e3bd01
217527,1917,110116,9.867871284484863,473741,none,0x20b7faa78940b42c5ebdd47258c7eb4178e3bd01,0x002def85facbb8d72bc3e394f8ca23934af8f06d
4782,125311,490,6.537905216217041,473741,none,0xd9ea912debc5c51aea67633d67e9bfae5291b20c,0xbc19c726e46bdb227ac85f76eded050f5e8c20bc
125311,4782,822,6.537905216217041,473741,none,0xbc19c726e46bdb227ac85f76eded050f5e8c20bc,0xd9ea912debc5c51aea67633d67e9bfae5291b20c
187269,204709,121,5.399286270141602,473741,none,0xf199b022e3edab7e8ac6e214fad1bdfd31703766,0x92fa836a964fd5544545b18285475f715acb5576
204709,187269,136,5.399286270141602,473741,none,0x92fa836a964fd5544545b18285475f715acb5576,0xf199b022e3edab7e8ac6e214fad1bdfd31703766
223223,126608,6,3.3574793338775635,473741,none,0x013b1054411fd82e1fe18a60bc111aa567b32241,0x12c77d30283f79390ed23b0f05f513d94dc4ceae
126608,223223,6,3.3574793338775635,473741,none,0x12c77d30283f79390ed23b0f05f513d94dc4ceae,0x013b1054411fd82e1fe18a60bc111aa567b32241
10556,157226,8,4.378996849060059,473741,none,0x064440197cf23aefeb0ff972485368a02bb30625,0xd674719e383dab1626c83a5d5a1956da2f5b3b05
157226,10556,13,4.378996849060059,473741,none,0xd674719e383dab1626c83a5d5a1956da2f5b3b05,0x064440197cf23aefeb0ff972485368a02bb30625
184745,35598,108,4.591607570648193,473741,none,0x6a655ff851fc92ca8e2c4cb9a8a571c4f2481acf,0x9b7b2b4f7a391b6f14a81221ae0920a9735b67fb
35598,184745,52,4.591607570648193,473741,none,0x9b7b2b4f7a391b6f14a81221ae0920a9735b67fb,0x6a655ff851fc92ca8e2c4cb9a8a571c4f2481acf
220371,220376,298,4.943787097930908,473741,none,0x08ca409566bbe361e774478f6ca0736385d2f7ac,0x2d0d6a8553993a3e9ed1d86415358d1edefa82f1
220376,220371,205,4.943787097930908,473741,none,0x2d0d6a8553993a3e9ed1d86415358d1edefa82f1,0x08ca409566bbe361e774478f6ca0736385d2f7ac
30072,3092,1442,6.682842254638672,473741,none,0x53be8bf27bc27ea6b7fe3ea0da7f9f21758924a4,0xcf638ea898f751d515efbc6966b24fc5c856f9cc
3092,30072,2142,6.682842254638672,473741,none,0xcf638ea898f751d515efbc6966b24fc5c856f9cc,0x53be8bf27bc27ea6b7fe3ea0da7f9f21758924a4
128487,2994,3649,8.162980079650879,473741,none,0xec3281124d4c2fca8a88e3076c1e7749cfecb7f2,0xe2ca8411d05b4a6bfe0bab9571ecf05916d5971d
2994,128487,12959,8.162980079650879,473741,none,0xe2ca8411d05b4a6bfe0bab9571ecf05916d5971d,0xec3281124d4c2fca8a88e3076c1e7749cfecb7f2
45477,157763,10391,8.19462776184082,473741,none,0xe897a6cb26d4eaf6e4b54af4965eff832a717a62,0xb30b09da480dd907907d98af5102c2034ed7df60
157763,45477,27037,8.19462776184082,473741,none,0xb30b09da480dd907907d98af5102c2034ed7df60,0xe897a6cb26d4eaf6e4b54af4965eff832a717a62
157672,220497,2,3.0787925720214844,473741,none,0x7c419adc4c09787f497a370dda6ec64ade72c020,0xec1f83cf6a6dc7ee04a79c99a67cd3800111b355
220497,157672,7,3.0787925720214844,473741,none,0xec1f83cf6a6dc7ee04a79c99a67cd3800111b355,0x7c419adc4c09787f497a370dda6ec64ade72c020
154845,226186,117,5.215961456298828,473741,none,0xde7e3ec4442ba87247797bea433985449edea893,0xe8256119a8621a6ba3c42e807b261840bde77944
226186,154845,20,5.215961456298828,473741,none,0xe8256119a8621a6ba3c42e807b261840bde77944,0xde7e3ec4442ba87247797bea433985449edea893
167568,94923,1,3.4452054500579834,473741,none,0xe8bf704e1e27067c664177a851166021e96c1071,0xc8c4ab6e1e7dcc4e2957244baba86ed937dc0ee8
94923,167568,3,3.4452054500579834,473741,none,0xc8c4ab6e1e7dcc4e2957244baba86ed937dc0ee8,0xe8bf704e1e27067c664177a851166021e96c1071
190037,43594,9,4.275021076202393,473741,none,0x59a8156b0ebc01850c3bae16a73655cdd681c4c5,0xc1c37a0dfe4898c1847945b7456241ffc123fb7e
43594,190037,7,4.275021076202393,473741,none,0xc1c37a0dfe4898c1847945b7456241ffc123fb7e,0x59a8156b0ebc01850c3bae16a73655cdd681c4c5
174336,175512,4472,7.368798732757568,473741,none,0xfedbf31224203deef56012dee80214aa97d46362,0xe937e88591f641a689e2132a6f633d7b6b1a54c8
175512,174336,1917,7.368798732757568,473741,none,0xe937e88591f641a689e2132a6f633d7b6b1a54c8,0xfedbf31224203deef56012dee80214aa97d46362
224344,221647,71,4.866392135620117,473741,none,0xbf02bfd498ce323c928381b1215ddced27dfbedb,0x1a35824f6d0e2c934d3251d4a43f7fc76df32b59
221647,224344,3,4.866392135620117,473741,none,0x1a35824f6d0e2c934d3251d4a43f7fc76df32b59,0xbf02bfd498ce323c928381b1215ddced27dfbedb
139451,337714,23346,9.248621940612793,473741,none,0xd84bc467a6642b11c3df7001bf94485c742844a1,0x02b6aac33a397aaadee5227c70c69bb97f2cc529
337714,139451,26711,9.248621940612793,473741,none,0x02b6aac33a397aaadee5227c70c69bb97f2cc529,0xd84bc467a6642b11c3df7001bf94485c742844a1
191875,204493,2268,6.945906162261963,473741,none,0x1c97f3191c3b4bb48d03d672c03da254ce23cfd1,0xf8552f7a59153d8eff6b6f5914f2ece4f2e2ff33
204493,191875,11151,6.945906162261963,473741,none,0xf8552f7a59153d8eff6b6f5914f2ece4f2e2ff33,0x1c97f3191c3b4bb48d03d672c03da254ce23cfd1
220952,160085,26657,9.003805160522461,473741,none,0x07f9794439151ff97952589fbef930375786226b,0x18495d4a42d07fdbb965732e26c33b61999f5f6c
160085,220952,83631,9.003805160522461,473741,none,0x18495d4a42d07fdbb965732e26c33b61999f5f6c,0x07f9794439151ff97952589fbef930375786226b
19762,169655,8720,8.106407165527344,473741,none,0x4632f4120dc68f225e7d24d973ee57478389e9fd,0x48d21dc6bbf18288520e9384aa505015c26ea43c
169655,19762,7658,8.106407165527344,473741,none,0x48d21dc6bbf18288520e9384aa505015c26ea43c,0x4632f4120dc68f225e7d24d973ee57478389e9fd
202921,126559,97526,11.250466346740723,473741,none,0x81745b7339d5067e82b93ca6bbad125f214525d3,0x053d8120a0a66f4eee6545d13d664a421c5fa800
126559,202921,266461,11.250466346740723,473741,none,0x053d8120a0a66f4eee6545d13d664a421c5fa800,0x81745b7339d5067e82b93ca6bbad125f214525d3
119784,173253,91,6.01809024810791,473741,none,0x10017ca37b1257ac0771e24652aa28c758e378eb,0xb909d92ebf34efa1e3d7a10a725d77822a7a7274
173253,119784,58,6.01809024810791,473741,none,0xb909d92ebf34efa1e3d7a10a725d77822a7a7274,0x10017ca37b1257ac0771e24652aa28c758e378eb
3221,1380,2568,7.311710834503174,473741,none,0x103d6fb9cb7d7fa9aefe4b2becd655e3a24a7fc1,0x658f93fc85a469c08ba259444783bee0dcd1731d
1380,3221,5738,7.311710834503174,473741,none,0x658f93fc85a469c08ba259444783bee0dcd1731d,0x103d6fb9cb7d7fa9aefe4b2becd655e3a24a7fc1
220108,179151,3055,6.575236797332764,473741,none,0x097c39e5e576a8706404cd0d81e05b522f5bcaff,0x8540f80fab2afcae8d8fd6b1557b1cf943a0999b
179151,220108,542,6.575236797332764,473741,none,0x8540f80fab2afcae8d8fd6b1557b1cf943a0999b,0x097c39e5e576a8706404cd0d81e05b522f5bcaff
12487,218813,3931,7.443124771118164,473741,none,0xbd125f7c40e252a090871b865aca471f5cb8ee01,0x73c05755dc0686f047b31012b111fff8fe46d666
218813,12487,5630,7.443124771118164,473741,none,0x73c05755dc0686f047b31012b111fff8fe46d666,0xbd125f7c40e252a090871b865aca471f5cb8ee01
223163,219862,47,4.709329128265381,473741,none,0xc8e0693e10558c96f41f472360e476231bab8d18,0xa785e5bd1cd918a6f4cfc2df48e675716f84d9ef
219862,223163,210,4.709329128265381,473741,none,0xa785e5bd1cd918a6f4cfc2df48e675716f84d9ef,0xc8e0693e10558c96f41f472360e476231bab8d18
142800,9724,1,3.5132319927215576,473741,none,0x1f7c4622884f7f1b34899453dd2d1391ed4278c4,0x15c423e2c5e4980d556acd3a02ccb160d0a1d03a
9724,142800,1,3.5132319927215576,473741,none,0x15c423e2c5e4980d556acd3a02ccb160d0a1d03a,0x1f7c4622884f7f1b34899453dd2d1391ed4278c4
151300,186503,270,6.045511722564697,473741,none,0xc35cfe8d50e63b48fc624ff91a668c18ef9277a5,0xe76be7aa51d89ccc42425c2dc1a1a26eeb0944db
186503,151300,581,6.045511722564697,473741,none,0xe76be7aa51d89ccc42425c2dc1a1a26eeb0944db,0xc35cfe8d50e63b48fc624ff91a668c18ef9277a5
179608,179950,118,4.481291770935059,473741,none,0xb8d65d7487f763013d4ea5084ca57f73527e3dee,0xab3094eb3912a17de15434e09f957e19b32441e8
179950,179608,82,4.481291770935059,473741,none,0xab3094eb3912a17de15434e09f957e19b32441e8,0xb8d65d7487f763013d4ea5084ca57f73527e3dee
26910,28926,1,1.8654934167861938,473741,none,0xde81791e66e010c91155f22ba119d214621c8b90,0x08b26945ced64b17a7f2ab22c5435e791a82fd23
28926,26910,1,1.8654934167861938,473741,none,0x08b26945ced64b17a7f2ab22c5435e791a82fd23,0xde81791e66e010c91155f22ba119d214621c8b90
219904,99284,37,4.7474260330200195,473741,none,0x4b84864c085c27f50bdea25671e045d6039bcc00,0x30eea1e603b556eef164b4554bb6e7471b3e70f7
99284,219904,39,4.7474260330200195,473741,none,0x30eea1e603b556eef164b4554bb6e7471b3e70f7,0x4b84864c085c27f50bdea25671e045d6039bcc00
13478,221818,74899,8.870528221130371,473741,none,0xf12328d378e5c68a05edb8c9ef8241a759e6792a,0xfac0475b677b54f72682e0ea633ffa1088110dcf
221818,13478,21708,8.870528221130371,473741,none,0xfac0475b677b54f72682e0ea633ffa1088110dcf,0xf12328d378e5c68a05edb8c9ef8241a759e6792a
218768,149080,1,3.0585100650787354,473741,none,0x980ee353e98d7a182398edff9ec95496938dad3c,0x0b36e80347400447be2483cdc3bce7152bda9e6e
149080,218768,2,3.0585100650787354,473741,none,0x0b36e80347400447be2483cdc3bce7152bda9e6e,0x980ee353e98d7a182398edff9ec95496938dad3c
2512,4444,12004,8.17041301727295,473741,none,0x1c61461794df20b0ed8c8d6424fd7b312722181f,0x2ee5070ec1f7322a4911ffb7c745b238ea51faf0
4444,2512,10042,8.17041301727295,473741,none,0x2ee5070ec1f7322a4911ffb7c745b238ea51faf0,0x1c61461794df20b0ed8c8d6424fd7b312722181f
96362,167886,6,4.673152923583984,473741,none,0x8b51c1ba09ee33e7649cac62ccb6d0f410f5647a,0xf0fc268473a4ffaf2a652c3a8510bf79b787a68f
167886,96362,14,4.673152923583984,473741,none,0xf0fc268473a4ffaf2a652c3a8510bf79b787a68f,0x8b51c1ba09ee33e7649cac62ccb6d0f410f5647a
477,224548,15744,8.825006484985352,473741,none,0x38da505d0071355de725c4fdc67e3804798e711b,0x32a120bde9f20925b265bf510b69645e0ef3ea66
224548,477,18658,8.825006484985352,473741,none,0x32a120bde9f20925b265bf510b69645e0ef3ea66,0x38da505d0071355de725c4fdc67e3804798e711b
223853,166049,44324,8.712495803833008,473741,none,0x198dbc9a9879d398bcacf139d8c130c466e272af,0x0b222e012373474d73875bff5dccf649c425dd15
166049,223853,16357,8.712495803833008,473741,none,0x0b222e012373474d73875bff5dccf649c425dd15,0x198dbc9a9879d398bcacf139d8c130c466e272af
145766,195816,1,3.106590747833252,473741,none,0xacf4c2950107ef9b1c37faa1f9a866c8f0da88b9,0x5cfa6254dc991ca0efaafc84ce92d960e6d4b911
195816,145766,1,3.106590747833252,473741,none,0x5cfa6254dc991ca0efaafc84ce92d960e6d4b911,0xacf4c2950107ef9b1c37faa1f9a866c8f0da88b9
174898,206625,294,5.402956485748291,473741,none,0x6473201989d6b32f110f299283f4d0266e4a559d,0x06b8fa420badd3a59162effcc0626db6fea4831e
206625,174898,53,5.402956485748291,473741,none,0x06b8fa420badd3a59162effcc0626db6fea4831e,0x6473201989d6b32f110f299283f4d0266e4a559d
85785,137422,2444,7.354576110839844,473741,none,0x521aacb43d89e1b8ffd64d9ef76b0a1074dedaf8,0xa3c1a3baa50e3e3c3d464110edd60d411e4358c1
137422,85785,11310,7.354576110839844,473741,none,0xa3c1a3baa50e3e3c3d464110edd60d411e4358c1,0x521aacb43d89e1b8ffd64d9ef76b0a1074dedaf8
184442,167401,1024,5.6112823486328125,473741,none,0xf737fd832edef1838301765bd5639cb233f86cd9,0x543c49b7a9fc8772537d3aab8f87870a6f1b45b0
167401,184442,1143,5.6112823486328125,473741,none,0x543c49b7a9fc8772537d3aab8f87870a6f1b45b0,0xf737fd832edef1838301765bd5639cb233f86cd9
48010,134352,6,4.357346534729004,473741,none,0x29a9c76ad091c015c12081a1b201c3ea56884579,0x5bc9df525924d39fbe92bf1c52eb5b50dfb4edc3
134352,48010,3,4.357346534729004,473741,none,0x5bc9df525924d39fbe92bf1c52eb5b50dfb4edc3,0x29a9c76ad091c015c12081a1b201c3ea56884579
225960,209729,9,4.157832622528076,473741,none,0x13975117e55160d6b30c34f02ae8d338fc4f951f,0xb21edcfbb2edbdfb3c8304c71235196483e6b8b3
209729,225960,7,4.157832622528076,473741,none,0xb21edcfbb2edbdfb3c8304c71235196483e6b8b3,0x13975117e55160d6b30c34f02ae8d338fc4f951f
221771,220821,1,2.688110828399658,473741,none,0x585b0158c876b91d75095f61bcc3b28a8eb715be,0xbf816d5c25bc85524485b65397aa972e90f682bd
220821,221771,1,2.688110828399658,473741,none,0xbf816d5c25bc85524485b65397aa972e90f682bd,0x585b0158c876b91d75095f61bcc3b28a8eb715be
68445,219138,10,3.4034063816070557,473741,none,0x3b161d57f482cd2dfbb626f0307ef92b3b094fce,0xf503017d7baf7fbc0fff7492b751025c6a78179b
219138,68445,12,3.4034063816070557,473741,none,0xf503017d7baf7fbc0fff7492b751025c6a78179b,0x3b161d57f482cd2dfbb626f0307ef92b3b094fce
200333,202240,1,3.457383394241333,473741,none,0x974521786f32b445b05d22c3c790fadcf46b8745,0xa60c6d73cdb0f9bc05fa258f3c764a0080cf3ef8
202240,200333,3,3.457383394241333,473741,none,0xa60c6d73cdb0f9bc05fa258f3c764a0080cf3ef8,0x974521786f32b445b05d22c3c790fadcf46b8745
238129,18085,334518,11.444218635559082,473741,none,0x85146aa536373700db5416156dedd58d44ec0651,0x85a78cd414a8aa96c9b882adb34b552fc07029f0
18085,238129,124894,11.444218635559082,473741,none,0x85a78cd414a8aa96c9b882adb34b552fc07029f0,0x85146aa536373700db5416156dedd58d44ec0651
176968,176155,1,1.7711716890335083,473741,none,0x1d6f2f0356b3defadf14b1a0f8a3dcda89367d68,0xb2f4b16595e02a9721f97e3e30fb5bbbf73f5f54
176155,176968,1,1.7711716890335083,473741,none,0xb2f4b16595e02a9721f97e3e30fb5bbbf73f5f54,0x1d6f2f0356b3defadf14b1a0f8a3dcda89367d68
237440,1624,1141,7.640145301818848,473741,none,0x5fa82f30c288e92564e5885e0fadc7fcb6f4902a,0x004c350cd1ab72ea28cd6c47935b5bb31f64a928
1624,237440,3514,7.640145301818848,473741,none,0x004c350cd1ab72ea28cd6c47935b5bb31f64a928,0x5fa82f30c288e92564e5885e0fadc7fcb6f4902a
233053,237755,104,5.889970779418945,473741,none,0xa50b080f064e22b990776c90d004b0af843a4cd5,0xa5d645d246addee64e323f835d8b4f5010737f92
237755,233053,100,5.889970779418945,473741,none,0xa5d645d246addee64e323f835d8b4f5010737f92,0xa50b080f064e22b990776c90d004b0af843a4cd5
232211,9,5768,6.551968574523926,473741,none,0x0639092a9c3d9467dd6f89a13213541c8a1e58b2,0xae3c9636de4005cb1a0c3aa94e53152a60330388
9,232211,2192,6.551968574523926,473741,none,0xae3c9636de4005cb1a0c3aa94e53152a60330388,0x0639092a9c3d9467dd6f89a13213541c8a1e58b2
126980,190616,17,3.3216230869293213,473741,none,0x39cc9c86e67baf2129b80fe3414c397492ea8026,0xcaad6d9348b4a40b73514daf3abd3caee04c3f63
190616,126980,8,3.3216230869293213,473741,none,0xcaad6d9348b4a40b73514daf3abd3caee04c3f63,0x39cc9c86e67baf2129b80fe3414c397492ea8026
203643,178927,25434,7.652644634246826,473741,none,0x882651817bc443fabc95c7cc9124367082470d66,0x6c1147814601d496782a0558242881dedfe9d5ff
178927,203643,24674,7.652644634246826,473741,none,0x6c1147814601d496782a0558242881dedfe9d5ff,0x882651817bc443fabc95c7cc9124367082470d66
220536,189540,1281,5.934159278869629,473741,none,0x53c5438e8c825ba574865b4c1ccb34e74b3affdf,0xd9ceb2bb4b8324d36c284799eb00c7cc19a0f618
189540,220536,1053,5.934159278869629,473741,none,0xd9ceb2bb4b8324d36c284799eb00c7cc19a0f618,0x53c5438e8c825ba574865b4c1ccb34e74b3affdf
112282,41679,26663,8.439399719238281,473741,none,0xecd9d7b317f513b4cb9c845332c69a8273e8af92,0xaec329efbd731feb2e483b4d54798b93bf89ca8b
41679,112282,36733,8.439399719238281,473741,none,0xaec329efbd731feb2e483b4d54798b93bf89ca8b,0xecd9d7b317f513b4cb9c845332c69a8273e8af92
220446,8599,277769,11.89761734008789,473741,none,0xe04243d4de64793420e613fa13f12efff42aca05,0x00cda8320c29d2513088006758cf65edbae10f6e
8599,220446,183053,11.89761734008789,473741,none,0x00cda8320c29d2513088006758cf65edbae10f6e,0xe04243d4de64793420e613fa13f12efff42aca05
234377,4174,107,4.1415324211120605,473741,none,0x1313978d92aab17019583e949035d078aac5515d,0x5e6daad1be117e26590f9eecd509336abfbe5924
4174,234377,138,4.1415324211120605,473741,none,0x5e6daad1be117e26590f9eecd509336abfbe5924,0x1313978d92aab17019583e949035d078aac5515d
227701,126824,30,4.671538352966309,473741,none,0x9410640e7e3d9bf052015d68c7af6345514e8ae5,0x279ce31cc3ee6a7ecb5bfb7947f06e11964f2add
126824,227701,7,4.671538352966309,473741,none,0x279ce31cc3ee6a7ecb5bfb7947f06e11964f2add,0x9410640e7e3d9bf052015d68c7af6345514e8ae5
192700,94056,1,3.9388580322265625,473741,none,0x2f47c2eb7ee1c2d1d2f897c2408d5f3110058828,0x42360d24f34d1016a5f60d7605c5e22a2011b545
94056,192700,2,3.9388580322265625,473741,none,0x42360d24f34d1016a5f60d7605c5e22a2011b545,0x2f47c2eb7ee1c2d1d2f897c2408d5f3110058828
212826,173644,736,5.8350090980529785,473741,none,0xc6058667a57374cd350280fcf06a5f0517682beb,0x4e4f6b7b18311b9f9ef401c11ae5b73e552c0763
173644,212826,223,5.8350090980529785,473741,none,0x4e4f6b7b18311b9f9ef401c11ae5b73e552c0763,0xc6058667a57374cd350280fcf06a5f0517682beb
224364,180868,109524,10.396204948425293,473741,none,0x50260fcf08808216daa93402f0704eced91ea7f7,0xe59d87e5298ac2fb24c2fc55d256cb8fcb696238
180868,224364,21654,10.396204948425293,473741,none,0xe59d87e5298ac2fb24c2fc55d256cb8fcb696238,0x50260fcf08808216daa93402f0704eced91ea7f7
172831,142458,267,5.5234246253967285,473741,none,0xe46abaf75cfbff815c0b7ffed6f02b0760ea27f1,0x2419eb3d5e048f50d386f6217cd5033ebfc36b83
142458,172831,250,5.5234246253967285,473741,none,0x2419eb3d5e048f50d386f6217cd5033ebfc36b83,0xe46abaf75cfbff815c0b7ffed6f02b0760ea27f1
3957,45090,2304,6.932242393493652,473741,none,0x9b9b6382758117dc37019533b1c692a849e51523,0x93110df63b0a17d74aa30fd77a4e0c7b444020f7
45090,3957,551,6.932242393493652,473741,none,0x93110df63b0a17d74aa30fd77a4e0c7b444020f7,0x9b9b6382758117dc37019533b1c692a849e51523
5253,176385,23,4.133217811584473,473741,none,0xd6f5646d9e7fbee7cc907eb8e12dafa5378431e6,0x9f06d0a8f447e32308bfc9974c53dd728da1490c
176385,5253,69,4.133217811584473,473741,none,0x9f06d0a8f447e32308bfc9974c53dd728da1490c,0xd6f5646d9e7fbee7cc907eb8e12dafa5378431e6
221346,222958,56,4.042941093444824,473741,none,0x995d61601b3357d3e479d26fcb0d5155fe081262,0x4144e782d787ffc8f317e19305907093437cac19
222958,221346,70,4.042941093444824,473741,none,0x4144e782d787ffc8f317e19305907093437cac19,0x995d61601b3357d3e479d26fcb0d5155fe081262
189651,1998,33,4.608839988708496,473741,none,0x2d8f8ded6bcefe6c0cbb45d9d48487fce9ca8b90,0x8db379accc99bb37727c8d0cb56a7fddc56aac54
1998,189651,21,4.608839988708496,473741,none,0x8db379accc99bb37727c8d0cb56a7fddc56aac54,0x2d8f8ded6bcefe6c0cbb45d9d48487fce9ca8b90
940,211812,2,3.8692538738250732,473741,none,0x86850f5f7d035dd96b07a75c484d520cff13eb58,0xd25c4c0c8545919cee80acfeda084c8e30588bc1
211812,940,3,3.8692538738250732,473741,none,0xd25c4c0c8545919cee80acfeda084c8e30588bc1,0x86850f5f7d035dd96b07a75c484d520cff13eb58
210486,221492,70,5.336750507354736,473741,none,0x39cd0d4607d1e359778b2fa5c6d046b780e00a40,0x8da737c986769f3a3e88a6f602280ff372c22211
221492,210486,358,5.336750507354736,473741,none,0x8da737c986769f3a3e88a6f602280ff372c22211,0x39cd0d4607d1e359778b2fa5c6d046b780e00a40
178901,123208,1737,7.1630940437316895,473741,none,0x66268791b55e1f5fa585d990326519f101407257,0x60c4b1ca9efe96ab7c5b8130a1dc1e70f2477131
123208,178901,1613,7.1630940437316895,473741,none,0x60c4b1ca9efe96ab7c5b8130a1dc1e70f2477131,0x66268791b55e1f5fa585d990326519f101407257
182495,120569,119,5.8235602378845215,473741,none,0x970991bdd61aed3c2cf91e9bf6944960561dbcf5,0xa3db05c72c79d52d2d37170a342a2c21c5e5d7c0
120569,182495,93,5.8235602378845215,473741,none,0xa3db05c72c79d52d2d37170a342a2c21c5e5d7c0,0x970991bdd61aed3c2cf91e9bf6944960561dbcf5
240822,3126,215,4.576137065887451,473741,none,0xcf60477691bd012563ea9bc0d41a167c1b08ae8e,0xc923dd3f115085d8052c794b36875ad87e9c4713
3126,240822,217,4.576137065887451,473741,none,0xc923dd3f115085d8052c794b36875ad87e9c4713,0xcf60477691bd012563ea9bc0d41a167c1b08ae8e
227553,227593,2,3.179459571838379,473741,none,0xb90476e9f955d7cee7ce833f4ec6ccbd2ca521b0,0x39fd8df1554f06a335b9554561aa716e6d871c8f
227593,227553,1,3.179459571838379,473741,none,0x39fd8df1554f06a335b9554561aa716e6d871c8f,0xb90476e9f955d7cee7ce833f4ec6ccbd2ca521b0
133618,1064,2836,7.328825950622559,473741,none,0x59a5493513ba2378ed57ae5ecfb8a027e9d80365,0xca9ba54a2f05e2dd93ce79737243c27f8f0b279c
1064,133618,24690,7.328825950622559,473741,none,0xca9ba54a2f05e2dd93ce79737243c27f8f0b279c,0x59a5493513ba2378ed57ae5ecfb8a027e9d80365
